{
  "project_info": {
    "project_number": "338162196253",
    "project_id": "projeto-teto-retratil",
    "storage_bucket": "projeto-teto-retratil.appspot.com"
  },
  "client": [
    {
      "client_info": {
        "mobilesdk_app_id": "1:338162196253:android:32d11f841dc43b8adf0bf4",
        "android_client_info": {
          "package_name": "com.example.tetoretratil"
        }
      },
      "oauth_client": [
        {
          "client_id": "338162196253-71ihls56ajceqccuvdnd0j4tt6bpp8re.apps.googleusercontent.com",
          "client_type": 3
        }
      ],
      "api_key": [
        {
          "current_key": "AIzaSyCAxmOBoZ3ZRXUJrOMqUx4ivryH1G-Wm6E"
        }
      ],
      "services": {
        "appinvite_service": {
          "other_platform_oauth_client": [
            {
              "client_id": "338162196253-71ihls56ajceqccuvdnd0j4tt6bpp8re.apps.googleusercontent.com",
              "client_type": 3
            }
          ]
        }
      }
    },
    {
      "client_info": {
        "mobilesdk_app_id": "1:338162196253:android:08782994f34758dedf0bf4",
        "android_client_info": {
          "package_name": "om.example.tetoretratil"
        }
      },
      "oauth_client": [
        {
          "client_id": "338162196253-71ihls56ajceqccuvdnd0j4tt6bpp8re.apps.googleusercontent.com",
          "client_type": 3
        }
      ],
      "api_key": [
        {
          "current_key": "AIzaSyCAxmOBoZ3ZRXUJrOMqUx4ivryH1G-Wm6E"
        }
      ],
      "services": {
        "appinvite_service": {
          "other_platform_oauth_client": [
            {
              "client_id": "338162196253-71ihls56ajceqccuvdnd0j4tt6bpp8re.apps.googleusercontent.com",
              "client_type": 3
            }
          ]
        }
      }
    }
  ],
  "configuration_version": "1"
}